model,fmax,cb
gpt2,0.4667184054851532,0.6470017433166504
gpt2-medium,0.5499708652496338,0.7141470909118652
gpt2-large,0.587618887424469,0.7413157224655151
gpt2-xl,0.6142053008079529,0.747525691986084
